<?xml version='1.0' encoding='utf-8'?>
<!DOCTYPE hibernate-configuration PUBLIC
    "-//Hibernate/Hibernate Configuration DTD//EN"
    "http://hibernate.sourceforge.net/hibernate-configuration-3.0.dtd">

<hibernate-configuration>

    <!-- a SessionFactory instance listed as /jndi/name -->
    <session-factory>
        <property name="connection.driver_class">org.postgresql.Driver</property>
        <property name="connection.url">jdbc:postgresql://localhost:5432/projectone</property>
		<property name="connection.username">postgres</property>
		<property name="connection.password">Richie1120</property>
		
		<property name="connection.pool_size">1</property>
		
		<property name="dialect">org.hibernate.dialect.PostgreSQL9Dialect</property>
		
		<property name="show_sql">true</property>
		
		<property name="current_session_context_class">thread</property>
		
		<property name="hbm2ddl.auto">validate</property>
		
		<property name="hibernate.dbcp.initialsize">5</property>
		<property name="hibernate.dbcp.maxTotal">20</property>
		<property name="hibernate.dbcp.maxIdle">10</property>
		<property name="hibernate.dbcp.minIdle">5</property>
		<property name="hibernate.dbcp.maxWaitMillis">-1</property>
        
        <mapping class="com.demo.ersSpring.entity.User" />
        <mapping class="com.demo.ersSpring.entity.Request" />

    </session-factory>

</hibernate-configuration>